ativo; ultimoPreco;quantidade;oscilacao;tendencia;hora;qtdOfertaCompra;vlOfertaCompra;qtdOfertaVenda;vlOfertaVenda;qtdNegociada;volumeNegocios;negocios;statusPapel;precoTeoricoAbertura;qtdTeoricaAberrtura;dtCotacao;fechamentoAnterior;precoAbertura;precoMinimo;precoMedio;precoMaximo;dtFechamento;vlFechamento
FRTA3;0,95;300;-3,06;-;14:00:22;500;0,95;300;0,97;900;876;7;S;;;08/03/2019;0,98;1,00;0,95;0,97;1,00;07/03/2019;
SLCE3;41,12;100;1,16;=;14:13:44;300;41,12;600;41,16;176900;7230516;1078;S;;;08/03/2019;40,65;40,53;40,20;40,87;41,28;07/03/2019;
TESA3;13,20;100;-0,23;+;12:37:19;500;13,01;1000;13,19;800;10559;4;S;;;08/03/2019;13,23;13,22;13,10;13,20;13,22;07/03/2019;
SAPR4;13,57;100;2,42;=;14:16:06;600;13,56;3100;13,58;487900;6554141;1553;S;;;08/03/2019;13,25;13,27;13,21;13,43;13,64;07/03/2019;
SAPR11;78,81;100;2,75;+;14:18:36;600;78,78;300;78,81;339800;26355856;1825;S;;;08/03/2019;76,70;76,95;76,38;77,56;79,07;07/03/2019;
SAPR3;24,49;200;2,64;-;13:59:23;200;24,36;1200;24,50;12600;298276;73;S;;;08/03/2019;23,86;24,18;23,04;23,67;24,50;07/03/2019;
CSMG3;59,00;100;0,17;+;14:18:16;300;58,97;500;59,00;113200;6673650;929;S;;;08/03/2019;58,90;58,90;58,25;58,96;59,31;07/03/2019;
SBSP3;39,20;100;1,55;-;14:18:22;300;39,20;200;39,23;437600;16980380;2215;S;;;08/03/2019;38,60;38,66;38,07;38,80;39,30;07/03/2019;
JBSS3;13,13;400;0,46;-;14:18:35;23100;13,13;500;13,14;4096000;53355550;10671;S;;;08/03/2019;13,07;13,05;12,80;13,03;13,22;07/03/2019;
BRFS3;19,80;200;1,59;=;14:18:34;1400;19,80;1300;19,81;4643600;91325878;9620;S;;;08/03/2019;19,49;19,60;19,33;19,67;19,94;07/03/2019;
BSEV3;2,80;800;-0,36;=;11:41:58;200;2,81;200;2,84;4000;11232;8;S;;;08/03/2019;2,81;2,81;2,80;2,81;2,82;07/03/2019;
BEEF3;6,46;200;0,94;=;14:18:36;1700;6,45;2800;6,46;695700;4452458;2267;S;;;08/03/2019;6,40;6,40;6,31;6,40;6,48;07/03/2019;
MNPR3;;;;;;1800;2,30;400;2,35;;;;S;;;;2,30;;;;;07/03/2019;
MRFG3;5,64;100;-0,35;=;14:18:36;1500;5,64;14000;5,65;1011400;5701327;3077;S;;;08/03/2019;5,66;5,64;5,60;5,64;5,69;07/03/2019;
JOPA4;;;;;;100;23,10;300;50,00;;;;S;;;;22,01;;;;;04/01/2019;
JOPA3;;;;;;100;22,01;300;24,50;;;;S;;;;24,50;;;;;27/02/2019;
CSAN3;41,57;100;0,34;=;14:18:36;300;41,57;300;41,58;572200;23714129;4084;S;;;08/03/2019;41,43;41,21;41,06;41,44;41,77;07/03/2019;
CAML3;7,09;100;-0,42;=;14:17:36;1300;7,09;4600;7,10;712400;5044966;757;S;;;08/03/2019;7,12;7,08;7,04;7,08;7,14;07/03/2019;
BAUH4;25,02;100;0,08;-;11:43:54;400;25,02;300;26,46;200;5102;2;S;;;08/03/2019;25,00;26,00;25,02;25,51;26,00;07/03/2019;
SMTO3;18,22;100;1,90;=;14:18:27;400;18,21;700;18,23;373000;6772921;1280;S;;;08/03/2019;17,88;17,88;17,70;18,16;18,23;07/03/2019;
MDIA3;45,52;100;-0,33;=;14:18:34;400;45,48;400;45,54;202800;9194504;1715;S;;;08/03/2019;45,67;45,81;44,86;45,34;45,81;07/03/2019;
ABEV3;16,60;100;-0,54;=;14:18:34;13600;16,59;30200;16,60;9098900;150657313;13179;S;;;08/03/2019;16,69;16,59;16,40;16,56;16,69;07/03/2019;
BTOW3;48,72;100;1,46;+;14:18:39;700;48,69;1200;48,73;552000;26758954;2799;S;;;08/03/2019;48,02;47,31;47,31;48,48;48,96;07/03/2019;
VVAR3;4,64;100;5,22;+;14:18:41;45500;4,63;26100;4,64;8515800;38753368;12938;S;;;08/03/2019;4,41;4,40;4,39;4,55;4,65;07/03/2019;
AMAR3;6,37;100;-3,04;+;14:18:12;2700;6,36;9500;6,37;542300;3451542;1437;S;;;08/03/2019;6,57;6,39;6,27;6,36;6,49;07/03/2019;
LLIS3;;;;;;200;33,46;200;33,80;;;;S;;;;34,00;;;;;07/03/2019;
CGRA3;;;;;;100;25,00;100;25,55;;;;S;;;;25,00;;;;;06/03/2019;
CGRA4;25,00;400;0,32;=;13:35:51;100;24,92;700;25,19;5700;142637;24;S;;;08/03/2019;24,92;24,92;24,80;25,02;25,50;07/03/2019;
HYPE3;26,38;100;0,30;+;14:18:29;900;26,35;500;26,37;675800;17793982;4233;S;;;08/03/2019;26,30;26,25;26,08;26,33;26,55;07/03/2019;
GUAR3;146,93;100;0,71;-;14:17:44;100;146,67;200;146,93;13400;1965540;129;S;;;08/03/2019;145,90;146,76;144,25;146,68;147,85;07/03/2019;
;;;;;;;;;;;;;;;;;;;;;;;
LREN3;43,03;100;0,51;=;14:18:43;100;43,03;900;43,04;938300;40148321;5342;S;;;08/03/2019;42,81;42,63;41,91;42,79;43,26;07/03/2019;
ARZZ3;51,50;100;0,06;-;14:18:31;200;51,51;600;51,67;112300;5761326;831;S;;;08/03/2019;51,47;50,92;50,63;51,30;51,70;07/03/2019;
MGLU3;181,89;200;2,68;-;14:18:43;700;181,84;100;181,89;984800;176852983;4746;S;;;08/03/2019;177,15;175,90;173,80;179,58;182,00;07/03/2019;
LAME3;14,88;100;0,20;+;14:18:38;700;14,86;1800;14,88;534400;7938824;2698;S;;;08/03/2019;14,85;14,83;14,58;14,86;15,02;07/03/2019;
LAME4;19,33;100;-0,15;-;14:18:23;1100;19,33;700;19,34;1205400;23236909;3980;S;;;08/03/2019;19,36;19,34;19,00;19,28;19,46;07/03/2019;
WLMM4;6,37;100;-3,48;+;12:59:20;200;6,26;100;6,36;12900;80463;28;S;;;08/03/2019;6,60;6,20;6,00;6,24;6,60;07/03/2019;
WLMM3;;;;;;100;3,01;1100;6,50;;;;S;;;;6,50;;;;;27/02/2019;
PFRM3;4,15;100;1,47;=;14:13:31;1200;4,13;500;4,15;139500;572875;161;S;;;08/03/2019;4,09;4,15;3,99;4,11;4,17;07/03/2019;
BPHA3;1,50;100;2,74;+;13:35:52;2300;1,46;100;1,49;9500;14024;21;S;;;08/03/2019;1,46;1,45;1,45;1,48;1,50;07/03/2019;
PNVL4;;;;;;100;230,00;100;280,00;;;;S;;;;240,00;;;;;13/02/2019;
PCAR4;91,84;100;1,17;=;14:18:43;800;91,81;400;91,84;696900;63554834;4848;S;;;08/03/2019;90,78;90,13;90,11;91,20;92,24;07/03/2019;
PCAR3;;;;;;300;72,50;;;;;;S;;;;93,50;;;;;12/02/2019;
CRFB3;19,26;200;0,36;=;14:18:14;3100;19,26;2100;19,27;687400;13119320;2421;S;;;08/03/2019;19,19;19,12;18,69;19,08;19,33;07/03/2019;
PNVL3;;;;;;100;340,01;1000;370,00;;;;S;;;;374,00;;;;;27/02/2019;
RADL3;66,90;100;6,56;=;14:18:36;500;66,87;900;66,90;1694400;111147192;6315;S;;;08/03/2019;62,78;62,78;62,24;65,60;67,11;07/03/2019;
ITEC3;;;;;;300;14,80;100;25,00;;;;S;;;;20,52;;;;;28/02/2019;
POSI3;2,28;100;0,44;+;14:16:49;5100;2,27;2000;2,28;46300;105356;161;S;;;08/03/2019;2,27;2,27;2,26;2,28;2,29;07/03/2019;
CYRE3;16,93;100;-0,18;=;14:18:39;3600;16,93;600;16,94;981600;16478119;5594;S;;;08/03/2019;16,96;16,94;16,56;16,79;17,02;07/03/2019;
CALI4;;;;;;100;50,00;100;75,00;;;;S;;;;75,00;;;;;28/02/2019;
LPSB3;5,22;100;-3,33;=;14:14:34;300;5,24;1200;5,26;134800;713431;547;S;;;08/03/2019;5,40;5,37;5,18;5,29;5,38;07/03/2019;
DIRR3;8,73;300;1,16;-;14:18:17;2200;8,73;3300;8,74;346100;3020321;2006;S;;;08/03/2019;8,63;8,64;8,55;8,73;8,82;07/03/2019;
RDNI3;5,70;100;2,70;+;11:50:30;400;5,67;200;5,70;200;1130;2;S;;;08/03/2019;5,55;5,60;5,60;5,65;5,70;07/03/2019;
MILS3;5,10;100;-0,58;=;14:13:46;2400;5,10;2100;5,12;190100;974092;477;S;;;08/03/2019;5,13;5,14;5,03;5,12;5,19;07/03/2019;
CRDE3;;;;;;100;19,32;200;20,00;;;;S;;;;20,00;;;;;07/03/2019;
EVEN3;6,19;300;2,31;=;14:18:45;7600;6,19;6700;6,20;196700;1204589;906;S;;;08/03/2019;6,05;6,03;5,94;6,12;6,22;07/03/2019;
BBRK3;6,78;200;1,50;=;14:10:20;300;6,74;600;6,79;21500;143694;35;S;;;08/03/2019;6,68;6,68;6,59;6,68;6,78;07/03/2019;
HBOR3;1,40;400;2,19;-;14:09:17;15100;1,40;65100;1,41;449500;619560;319;S;;;08/03/2019;1,37;1,36;1,36;1,38;1,41;07/03/2019;
AZEV3;;;;;;200;3,50;100;4,40;;;;S;;;;4,00;;;;;26/02/2019;
VIVR3;0,46;200;-8,00;-;14:18:38;1040500;0,46;1060300;0,47;53864300;25406978;4288;S;;;08/03/2019;0,50;0,48;0,42;0,47;0,52;07/03/2019;
TCSA3;1,26;100;-0,79;=;14:17:52;52200;1,26;42000;1,27;298900;376046;268;S;;;08/03/2019;1,27;1,26;1,25;1,26;1,27;07/03/2019;
JFEN3;;;;;;100;3,52;100;3,89;;;;S;;;;3,95;;;;;07/03/2019;
TCNO3;1,62;100;0,00;;10:30:06;200;1,57;500;1,62;100;162;1;S;;;08/03/2019;1,62;1,62;1,62;1,62;1,62;07/03/2019;
TCNO4;1,60;2400;1,27;;10:51:11;100;1,55;200;1,59;2400;3840;1;S;;;08/03/2019;1,58;1,60;1,60;1,60;1,60;07/03/2019;
GFSA3;9,64;100;-0,62;=;14:16:31;600;9,63;4200;9,64;494100;4764151;936;S;;;08/03/2019;9,70;9,65;9,55;9,64;9,73;07/03/2019;
AZEV4;1,16;200;4,50;=;14:13:37;4700;1,16;5000;1,17;1350600;1609225;657;S;;;08/03/2019;1,11;1,14;1,14;1,19;1,28;07/03/2019;
RSID3;4,97;100;-0,40;+;13:55:29;200;4,96;200;4,98;37100;182751;69;S;;;08/03/2019;4,99;5,05;4,85;4,93;5,09;07/03/2019;
ETER3;2,77;100;0,73;=;14:11:46;300;2,74;2700;2,77;54100;147677;65;S;;;08/03/2019;2,75;2,71;2,70;2,73;2,78;07/03/2019;
MEND5;;;;;;800;3,50;100;6,00;;;;S;;;;6,00;;;;;21/01/2019;
MEND6;;;;;;500;4,70;200;5,35;;;;S;;;;4,99;;;;;07/03/2019;
PDGR3;7,55;100;-0,92;-;14:12:53;500;7,58;100;7,60;128800;983325;302;S;;;08/03/2019;7,62;7,66;7,45;7,64;7,85;07/03/2019;
SOND6;;;;;;200;15,50;500;20,01;;;;S;;;;15,07;;;;;28/02/2019;
PTBL3;5,14;100;-1,15;=;14:18:12;500;5,14;4000;5,15;123800;634725;396;S;;;08/03/2019;5,20;5,20;5,05;5,13;5,20;07/03/2019;
SOND5;;;;;;;;100;26,70;;;;S;;;;17,07;;;;;28/02/2019;
JHSF3;2,24;100;0,00;=;14:18:45;1500;2,23;19500;2,24;445900;987439;342;S;;;08/03/2019;2,24;2,24;2,18;2,21;2,24;07/03/2019;
MRVE3;14,28;100;2,29;-;14:18:36;4600;14,28;1800;14,29;1587100;22512317;6223;S;;;08/03/2019;13,96;13,98;13,86;14,18;14,40;07/03/2019;
TEND3;34,33;100;2,63;-;14:18:27;100;34,33;200;34,37;285700;9668481;1401;S;;;08/03/2019;33,45;33,11;33,10;33,84;34,43;07/03/2019;
TRIS3;4,82;100;-1,03;=;14:18:24;4400;4,81;1300;4,82;67100;323355;185;S;;;08/03/2019;4,87;4,89;4,79;4,82;4,89;07/03/2019;
EZTC3;25,93;100;0,23;=;14:18:47;1300;25,93;900;25,97;770600;19772655;3388;S;;;08/03/2019;25,87;25,89;25,22;25,66;26,16;07/03/2019;
HAGA4;1,51;100;0,00;;10:40:43;1000;1,52;600;1,56;100;151;1;S;;;08/03/2019;1,51;1,51;1,51;1,51;1,51;07/03/2019;
HAGA3;;;;;;500;2,12;1100;3,60;;;;S;;;;2,47;;;;;12/02/2019;
SMLS3;47,20;100;1,42;+;14:17:16;800;47,19;300;47,22;245900;11459275;1607;S;;;08/03/2019;46,54;46,54;45,67;46,60;47,32;07/03/2019;
KROT3;10,61;100;2,31;=;14:18:47;1500;10,61;7200;10,62;5379600;56788372;9231;S;;;08/03/2019;10,37;10,30;10,21;10,56;10,77;07/03/2019;
MPLU3;26,49;100;0,11;-;14:17:43;600;26,49;300;26,50;36300;961437;295;S;;;08/03/2019;26,46;26,45;26,44;26,49;26,53;07/03/2019;
ESTC3;26,83;100;3,19;+;14:18:36;600;26,81;800;26,83;1231600;32833442;6093;S;;;08/03/2019;26,00;26,01;25,90;26,66;27,20;07/03/2019;
SEER3;18,72;100;2,41;=;14:18:27;400;18,71;200;18,73;205900;3809546;1356;S;;;08/03/2019;18,28;18,13;18,02;18,50;18,80;07/03/2019;
MOVI3;11,52;200;1,23;+;14:18:27;1800;11,51;700;11,53;607600;6940430;1043;S;;;08/03/2019;11,38;11,42;11,37;11,42;11,57;07/03/2019;
LCAM3;37,24;100;-0,13;+;14:18:42;200;37,23;300;37,24;43700;1632955;364;S;;;08/03/2019;37,29;37,29;37,13;37,37;37,54;07/03/2019;
RENT3;33,49;200;1,12;=;14:18:47;2200;33,48;2700;33,50;1725500;57225263;7279;S;;;08/03/2019;33,12;33,08;32,75;33,16;33,64;07/03/2019;
ANIM3;18,47;100;5,54;=;14:18:16;100;18,46;600;18,47;107200;1948210;688;S;;;08/03/2019;17,50;17,45;17,45;18,17;18,48;07/03/2019;
MTIG4;;;;;;100;52,01;100;99,00;;;;S;;;;79,10;;;;;27/02/2019;
ELET5;;;;;;100;33,00;;;;;;S;;;;48,00;;;;;27/02/2019;
ELPL3;34,01;200;-0,03;=;14:14:02;600;34,01;100;34,19;1900;64608;12;S;;;08/03/2019;34,02;33,90;33,90;34,00;34,06;07/03/2019;
ELET6;35,41;100;0,88;-;14:18:04;1300;35,42;1000;35,44;2070200;72794629;9049;S;;;08/03/2019;35,10;34,30;34,30;35,16;35,76;07/03/2019;
ELET3;34,07;100;2,65;-;14:18:48;400;34,07;200;34,08;4430400;148789062;17643;S;;;08/03/2019;33,19;33,20;32,02;33,58;34,34;07/03/2019;
CEBR5;;;;;;100;30,00;100;33,99;;;;S;;;;30,01;;;;;07/03/2019;
CEBR6;;;;;;100;20,00;100;32,74;;;;S;;;;28,02;;;;;14/02/2019;
CEED4;;;;;;500;45,00;300;100,00;;;;S;;;;49,00;;;;;25/02/2019;
CEED3;;;;;;1000;45,00;400;100,00;;;;S;;;;45,01;;;;;22/02/2019;
RNEW3;7,25;300;2,11;=;13:18:42;100;7,14;600;7,25;2500;17999;22;S;;;08/03/2019;7,10;7,09;7,08;7,20;7,25;07/03/2019;
RNEW11;19,63;100;3,32;+;13:05:15;400;19,40;100;19,62;8800;170820;35;S;;;08/03/2019;19,00;19,16;19,14;19,41;19,69;07/03/2019;
RNEW4;6,16;800;1,48;=;13:07:31;100;6,07;1300;6,16;5800;35349;31;S;;;08/03/2019;6,07;6,00;6,00;6,10;6,16;07/03/2019;
EMAE4;;;;;;100;21,61;200;22,48;;;;S;;;;22,42;;;;;07/03/2019;
TRPL4;79,20;100;2,43;+;14:18:07;1400;79,18;200;79,25;258700;20247215;1822;S;;;08/03/2019;77,32;76,67;76,51;78,26;79,20;07/03/2019;
TRPL3;;;;;;100;79,24;300;86,49;;;;S;;;;82,00;;;;;07/03/2019;
CPLE3;31,60;100;2,13;-;14:16:40;100;31,60;400;31,64;36500;1146098;250;S;;;08/03/2019;30,94;30,82;30,50;31,40;31,88;07/03/2019;
TAEE11;25,00;100;1,71;+;14:18:44;1200;24,99;900;25,00;905800;22557150;4405;S;;;08/03/2019;24,58;24,58;24,55;24,90;25,08;07/03/2019;
ENBR3;17,46;300;1,45;=;14:18:36;1500;17,45;1200;17,46;2154500;37548571;5147;S;;;08/03/2019;17,21;17,25;17,17;17,43;17,58;07/03/2019;
EKTR3;;;;;;100;18,20;300;19,99;;;;S;;;;18,21;;;;;01/03/2019;
CPLE6;35,23;100;3,71;-;14:18:19;100;35,23;900;35,25;926400;32153310;2820;S;;;08/03/2019;33,97;33,97;33,76;34,71;35,65;07/03/2019;
EKTR4;;;;;;200;18,80;600;19,50;;;;S;;;;19,00;;;;;07/03/2019;
COCE3;;;;;;100;41,00;100;46,00;;;;S;;;;44,00;;;;;07/03/2019;
CLSC4;51,75;100;-1,48;-;12:22:41;100;51,85;400;53,26;2100;109933;6;S;;;08/03/2019;52,53;52,53;51,75;52,35;52,53;07/03/2019;
ENEV3;18,72;500;1,19;=;14:18:49;500;18,70;500;18,73;270600;5053518;1689;S;;;08/03/2019;18,50;18,38;18,36;18,68;18,85;07/03/2019;
COCE5;53,89;100;0,79;=;14:09:07;200;53,19;100;53,79;1800;96345;13;S;;;08/03/2019;53,47;53,01;53,01;53,52;53,90;07/03/2019;
CLSC3;;;;;;;;300;60,00;;;;S;;;;57,00;;;;;30/01/2019;
CSRN5;;;;;;100;15,00;100;17,50;;;;S;;;;17,10;;;;;27/02/2019;
CSRN3;;;;;;100;16,00;100;17,19;;;;S;;;;17,16;;;;;21/02/2019;
CEPE5;;;;;;100;15,10;1000;50,00;;;;S;;;;18,00;;;;;07/03/2019;
CEEB3;;;;;;100;29,10;200;30,06;;;;S;;;;30,07;;;;;28/02/2019;
CEPE6;;;;;;100;10,10;100;21,00;;;;S;;;;19,50;;;;;01/03/2019;
CELP7;;;;;;100;3,96;100;4,15;;;;S;;;;4,15;;;;;07/03/2019;
AFLT3;4,91;200;2,29;;10:24:09;100;4,80;1300;4,91;200;982;1;S;;;08/03/2019;4,80;4,91;4,91;4,91;4,91;07/03/2019;
EGIE3;40,18;100;1,75;=;14:18:47;500;40,17;300;40,18;672500;26880627;4032;S;;;08/03/2019;39,49;39,52;39,52;39,97;40,34;07/03/2019;
CMIG4;13,89;200;0,87;=;14:18:49;6000;13,89;7700;13,90;4335200;60396706;13072;S;;;08/03/2019;13,77;13,75;13,68;13,93;14,05;07/03/2019;
TIET4;2,28;600;1,79;=;14:10:27;5700;2,27;7600;2,29;28900;65535;87;S;;;08/03/2019;2,24;2,27;2,24;2,27;2,29;07/03/2019;
TIET11;11,43;400;0,97;=;14:17:26;1700;11,42;1900;11,43;377800;4292549;1522;S;;;08/03/2019;11,32;11,30;11,27;11,36;11,43;07/03/2019;
ENGI4;6,02;300;-1,79;-;14:11:33;800;6,03;400;6,08;4200;25597;19;S;;;08/03/2019;6,13;6,13;6,02;6,10;6,13;07/03/2019;
TIET3;2,32;1700;2,20;+;14:14:26;700;2,31;1100;2,32;17800;40977;53;S;;;08/03/2019;2,27;2,28;2,28;2,30;2,32;07/03/2019;
CPFE3;30,39;100;0,80;=;14:18:01;300;30,38;300;30,39;59500;1799735;439;S;;;08/03/2019;30,15;30,13;30,03;30,25;30,40;07/03/2019;
EQTL3;81,97;100;2,02;=;14:18:41;100;81,95;300;81,98;410600;33389251;2586;S;;;08/03/2019;80,35;80,24;80,02;81,32;82,04;07/03/2019;
LIPR3;;;;;;200;56,05;500;62,10;;;;S;;;;60,00;;;;;01/03/2019;
ALUP4;;;;;;100;7,25;400;7,50;;;;S;;;;7,20;;;;;07/03/2019;
CMIG3;15,86;300;0,32;=;14:17:41;600;15,85;1700;15,87;244900;3883024;913;S;;;08/03/2019;15,81;15,81;15,69;15,86;16,01;07/03/2019;
ALUP11;22,47;100;2,14;+;14:18:34;300;22,46;400;22,47;652200;14420873;831;S;;;08/03/2019;22,00;21,97;21,63;22,11;22,49;07/03/2019;
ENGI11;39,42;100;1,15;+;14:18:06;100;39,39;400;39,42;124900;4882811;976;S;;;08/03/2019;38,97;38,78;38,78;39,09;39,51;07/03/2019;
ALUP3;7,70;200;-2,53;=;13:50:24;500;7,60;200;7,80;800;6177;6;S;;;08/03/2019;7,90;7,71;7,70;7,72;7,80;07/03/2019;
GEPA3;;;;;;100;35,00;600;35,50;;;;S;;;;35,00;;;;;01/03/2019;
ENMT3;;;;;;400;19,00;400;20,50;;;;S;;;;20,00;;;;;01/03/2019;
CBEE3;;;;;;100;23,00;100;49,00;;;;S;;;;24,01;;;;;01/03/2019;
OMGE3;18,69;100;-1,11;=;14:17:44;200;18,68;600;18,69;58300;1092960;536;S;;;08/03/2019;18,90;18,86;18,65;18,75;18,93;07/03/2019;
ENMT4;;;;;;300;8,51;;;;;;S;;;;20,99;;;;;01/03/2019;
CELP5;7,45;100;-0,40;;12:01:12;1000;6,52;200;7,43;100;745;1;S;;;08/03/2019;7,48;7,45;7,45;7,45;7,45;06/03/2019;
GEPA4;40,01;100;0,05;=;12:51:44;100;40,04;500;40,99;900;36001;5;S;;;08/03/2019;39,99;39,99;39,99;40,00;40,01;07/03/2019;
LIGT3;20,51;100;3,74;-;14:18:00;400;20,52;900;20,56;741300;14949333;2420;S;;;08/03/2019;19,77;19,57;19,56;20,17;20,63;07/03/2019;
ENGI3;15,25;100;4,45;+;14:01:02;600;15,20;100;15,38;1100;16290;9;S;;;08/03/2019;14,60;14,59;14,46;14,81;15,25;07/03/2019;
REDE3;;;;;;400;7,10;1000;7,28;;;;S;;;;7,29;;;;;07/03/2019;
CESP3;21,98;100;3,68;+;13:18:19;100;21,81;500;21,90;14500;312517;67;S;;;08/03/2019;21,20;21,20;21,00;21,55;21,98;07/03/2019;
CESP6;23,70;100;0,08;=;14:18:00;200;23,70;900;23,72;387100;9213163;399;S;;;08/03/2019;23,68;23,59;23,59;23,80;24,00;07/03/2019;
CESP5;;;;;;500;23,23;100;24,50;;;;S;;;;25,00;;;;;07/03/2019;
CPRE3;15,71;100;-1,81;-;12:13:57;100;15,70;100;15,88;1600;25488;16;S;;;08/03/2019;16,00;16,21;15,71;15,93;16,21;07/03/2019;
FRIO3;57,00;100;0,00;;12:18:12;100;47,52;100;65,00;100;5700;1;S;;;08/03/2019;57,00;57,00;57,00;57,00;57,00;07/03/2019;
CCPR3;12,25;100;-0,81;=;14:00:28;100;12,03;400;12,25;1800;21770;9;S;;;08/03/2019;12,35;12,00;12,00;12,09;12,25;07/03/2019;
AHEB3;;;;;;100;29,30;100;49,80;;;;S;;;;49,90;;;;;;
BRML3;13,10;100;1,08;-;14:18:54;14900;13,10;11100;13,11;1663100;21624577;6500;S;;;08/03/2019;12,96;12,94;12,84;13,00;13,16;07/03/2019;
GSHP3;6,24;100;1,30;=;14:08:26;300;6,24;100;6,29;17500;108741;35;S;;;08/03/2019;6,16;6,16;6,10;6,21;6,30;07/03/2019;
CORR4;;;;;;100;45,95;100;100,00;;;;S;;;;89,99;;;;;27/02/2019;
AGRO3;15,94;100;-0,50;+;14:15:33;300;15,91;500;15,94;5200;82805;31;S;;;08/03/2019;16,02;15,99;15,87;15,92;15,99;07/03/2019;
SCAR3;30,77;100;0,23;-;13:57:07;100;30,77;200;31,19;4000;123433;30;S;;;08/03/2019;30,70;31,50;30,53;30,86;31,50;07/03/2019;
SSBR3;29,09;100;-0,03;+;13:26:11;100;29,08;300;29,28;1500;43416;10;S;;;08/03/2019;29,10;28,99;28,84;28,94;29,09;07/03/2019;
LOGG3;17,00;100;-1,33;=;14:18:49;300;17,00;400;17,02;146300;2492685;950;S;;;08/03/2019;17,23;17,24;16,95;17,04;17,28;07/03/2019;
IGTA3;40,87;100;0,57;=;14:18:39;700;40,88;600;40,92;845100;34434664;3607;S;;;08/03/2019;40,64;40,50;40,31;40,75;41,26;07/03/2019;
MULT3;24,04;200;1,39;=;14:18:52;7300;24,03;2600;24,04;1046000;25062414;6546;S;;;08/03/2019;23,71;23,60;23,42;23,96;24,13;07/03/2019;
ALSC3;19,70;100;-0,71;=;14:18:09;800;19,69;700;19,70;176700;3481127;1047;S;;;08/03/2019;19,84;19,78;19,49;19,70;19,93;07/03/2019;
BRPR3;8,75;100;1,27;=;14:18:17;11400;8,75;2500;8,77;64900;564503;325;S;;;08/03/2019;8,64;8,64;8,58;8,70;8,76;07/03/2019;
PINE4;2,50;100;-1,96;-;14:05:48;100;2,51;100;2,53;44300;110660;62;S;;;08/03/2019;2,55;2,50;2,48;2,50;2,55;07/03/2019;
IDVL3;;;;;;100;7,00;1000;14,60;;;;S;;;;14,50;;;;;31/01/2019;
IDVL4;;;;;;200;5,00;100;5,05;;;;S;;;;5,10;;;;;07/03/2019;
RPAD5;;;;;;300;6,56;500;6,95;;;;S;;;;6,70;;;;;07/03/2019;
RPAD6;;;;;;300;3,80;2000;4,50;;;;S;;;;4,21;;;;;07/03/2019;
RPAD3;;;;;;500;3,00;400;5,98;;;;S;;;;4,50;;;;;28/02/2019;
BRGE12;;;;;;9700;2,31;100;3,99;;;;S;;;;3,22;;;;;28/02/2019;
BRGE5;;;;;;;;;;;;;S;;;;3,42;;;;;;
MERC4;;;;;;100;5,56;;;;;;S;;;;6,58;;;;;;
BRGE3;;;;;;;;100;5,00;;;;S;;;;4,40;;;;;15/02/2019;
BNBR3;;;;;;100;41,50;100;41,76;;;;S;;;;41,40;;;;;06/03/2019;
BRGE8;;;;;;;;;;;;;S;;;;4,43;;;;;;
BPAR3;;;;;;100;140,00;100;250,00;;;;S;;;;182,07;;;;;21/02/2019;
BRGE7;;;;;;;;;;;;;S;;;;5,14;;;;;;
BRGE11;6,00;100;9,09;;10:05:00;500;4,49;400;6,00;100;600;1;S;;;08/03/2019;5,50;6,00;6,00;6,00;6,00;28/02/2019;
MERC3;8,00;100;-17,76;;13:30:00;100;8,00;;;100;800;1;S;;;08/03/2019;9,73;8,00;8,00;8,00;8,00;;
BMEB4;7,35;400;0,00;-;13:07:08;100;7,36;2700;7,48;1600;11920;9;S;;;08/03/2019;7,35;7,36;7,35;7,45;7,55;07/03/2019;
BMEB3;7,50;100;0,00;;11:09:09;800;7,50;100;7,74;100;750;1;S;;;08/03/2019;7,50;7,50;7,50;7,50;7,50;07/03/2019;
CRIV3;;;;;;100;4,61;500;5,30;;;;S;;;;4,93;;;;;07/03/2019;
BEES3;4,94;400;0,00;=;13:53:13;200;4,94;23700;5,00;7500;37400;24;S;;;08/03/2019;4,94;5,00;4,94;4,99;5,00;07/03/2019;
BEES4;4,93;100;0,00;=;13:52:11;500;4,93;100;5,10;1700;8400;6;S;;;08/03/2019;4,93;5,00;4,93;4,94;5,00;07/03/2019;
BGIP3;;;;;;100;36,46;100;37,55;;;;S;;;;37,00;;;;;06/03/2019;
BGIP4;37,53;100;-0,03;;12:17:42;100;36,45;100;37,44;100;3753;1;S;;;08/03/2019;37,54;37,53;37,53;37,53;37,53;07/03/2019;
CRIV4;5,60;100;0,00;;13:56:09;100;5,53;100;5,75;100;560;1;S;;;08/03/2019;5,60;5,60;5,60;5,60;5,60;07/03/2019;
ABCB4;18,69;100;4,01;=;14:18:23;300;18,69;500;18,70;342500;6314165;2131;S;;;08/03/2019;17,97;17,94;17,82;18,44;18,82;07/03/2019;
BRSR3;23,75;100;0,87;+;13:55:09;100;23,58;200;23,98;200;4732;2;S;;;08/03/2019;23,54;23,57;23,57;23,66;23,75;;
BRSR5;;;;;;100;24,00;400;30,00;;;;S;;;;24,83;;;;;;
BRSR6;23,91;100;0,74;=;14:18:20;1600;23,90;2000;23,91;389200;9266921;1786;S;;;08/03/2019;23,73;23,73;23,48;23,81;23,97;;
BRIV3;;;;;;200;5,72;100;5,85;;;;S;;;;5,80;;;;;07/03/2019;
ITSA4;12,41;100;0,98;=;14:19:00;47400;12,40;200;12,41;7061800;87092182;8587;S;;;08/03/2019;12,29;12,26;12,18;12,33;12,45;07/03/2019;
BRIV4;6,65;200;-0,75;;10:53:52;100;6,67;100;6,83;200;1330;1;S;;;08/03/2019;6,70;6,65;6,65;6,65;6,65;07/03/2019;
BBAS3;51,22;100;1,57;-;14:19:00;900;51,23;700;51,24;3432300;173317202;10552;S;;;08/03/2019;50,43;50,27;49,82;50,50;51,24;07/03/2019;
BRGE6;;;;;;;;200;9,80;;;;S;;;;9,80;;;;;20/02/2019;
BBDC3;37,54;100;0,27;=;14:19:01;1100;37,53;1800;37,55;884400;33053566;4976;S;;;08/03/2019;37,44;37,42;36,96;37,37;37,78;07/03/2019;
ITSA3;15,11;100;0,94;=;14:17:01;1100;15,10;100;15,11;39200;587984;168;S;;;08/03/2019;14,97;15,08;14,86;15,00;15,13;07/03/2019;
SANB11;43,79;100;-0,50;=;14:19:01;4100;43,78;100;43,80;576400;25289747;3286;S;;;08/03/2019;44,01;43,99;43,54;43,88;44,16;07/03/2019;
SANB3;21,98;100;-0,09;+;14:05:58;100;21,90;200;21,94;3800;82896;31;S;;;08/03/2019;22,00;22,30;21,40;21,82;22,30;07/03/2019;
ITUB3;31,26;100;0,29;+;14:17:23;300;31,23;900;31,27;147600;4582963;854;S;;;08/03/2019;31,17;31,17;30,80;31,05;31,26;07/03/2019;
SANB4;21,93;100;-0,95;-;14:05:58;100;21,94;100;21,96;7500;165402;46;S;;;08/03/2019;22,14;22,10;21,84;22,05;22,33;07/03/2019;
BSLI4;;;;;;;;;;;;;S;;;;42,01;;;;;19/02/2019;
BBDC4;42,42;200;-0,21;=;14:18:48;2500;42,42;1300;42,43;4588400;194250502;11818;S;;;08/03/2019;42,51;42,40;41,82;42,34;42,67;07/03/2019;
ITUB4;35,40;100;0,20;=;14:19:01;5800;35,39;800;35,40;5525700;194849703;13507;S;;;08/03/2019;35,33;35,12;34,85;35,26;35,50;07/03/2019;
BPAN4;3,17;200;2,92;=;14:16:08;1300;3,16;400;3,17;260100;811433;288;S;;;08/03/2019;3,08;3,08;3,03;3,12;3,23;07/03/2019;
BAZA3;;;;;;100;25,71;100;27,98;;;;S;;;;25,80;;;;;07/03/2019;
BPAC5;8,49;100;0,00;;11:02:01;200;8,41;100;8,49;100;849;1;S;;;08/03/2019;8,49;8,49;8,49;8,49;8,49;07/03/2019;
BMIN3;;;;;;100;14,00;100;23,00;;;;S;;;;20,89;;;;;07/03/2019;
BMIN4;;;;;;300;19,00;300;20,00;;;;S;;;;21,29;;;;;07/03/2019;
BPAC11;32,30;100;-0,89;=;14:19:00;300;32,29;500;32,31;245900;7946375;1413;S;;;08/03/2019;32,59;32,50;32,04;32,32;32,57;07/03/2019;
BPAC3;20,32;100;-0,15;;10:42:31;100;19,01;400;20,30;100;2032;1;S;;;08/03/2019;20,35;20,32;20,32;20,32;20,32;07/03/2019;
BIDI4;41,42;100;2,02;=;14:19:02;200;41,41;600;41,42;201200;8287398;1312;S;;;08/03/2019;40,60;40,61;40,19;41,19;41,48;07/03/2019;
CGAS3;76,50;100;0,00;;13:21:41;100;76,35;1000;76,50;800;61200;7;S;;;08/03/2019;76,50;76,50;76,50;76,50;76,50;07/03/2019;
CGAS5;81,60;100;0,00;+;14:15:01;100;81,60;200;81,68;57800;4714863;180;S;;;08/03/2019;81,60;81,42;81,42;81,57;81,98;07/03/2019;
CEGR3;;;;;;1400;33,00;900;48,00;;;;S;;;;48,00;;;;;12/02/2019;
BAHI3;;;;;;100;124,01;100;132,50;;;;S;;;;134,00;;;;;01/03/2019;
BTTL3;4,25;100;-0,70;+;11:06:09;100;4,01;1900;4,25;200;835;2;S;;;08/03/2019;4,28;4,10;4,10;4,18;4,25;07/03/2019;
GPIV33;4,71;100;0,00;+;13:27:09;300;4,67;400;4,71;500;2350;5;S;;;08/03/2019;4,71;4,70;4,67;4,70;4,72;07/03/2019;
HBTS5;;;;;;100;9,50;100;9,50;;;;K;9,50;100;;9,50;;;;;07/03/2019;
JBDU3;7,06;100;3,82;=;13:33:55;100;7,06;100;7,30;600;4098;4;S;;;08/03/2019;6,80;6,60;6,60;6,83;7,06;07/03/2019;
JBDU4;7,70;100;2,67;;12:22:09;100;7,47;100;8,00;100;770;1;S;;;08/03/2019;7,50;7,70;7,70;7,70;7,70;07/03/2019;
TRPN3;1,10;100;-2,65;=;14:14:06;36800;1,10;5600;1,12;77900;86741;45;S;;;08/03/2019;1,13;1,12;1,10;1,11;1,13;07/03/2019;
BRAP3;25,75;500;0,19;-;14:00:23;200;25,61;500;25,71;13000;331325;43;S;;;08/03/2019;25,70;25,50;25,25;25,49;25,79;07/03/2019;
BRAP4;29,50;100;-1,21;=;14:18:55;700;29,49;2100;29,50;638800;18836863;2824;S;;;08/03/2019;29,86;29,50;29,15;29,49;29,82;07/03/2019;
UGPA3;52,76;100;1,66;=;14:19:05;1100;52,74;200;52,76;531700;27692225;3468;S;;;08/03/2019;51,90;51,50;50,91;52,08;52,98;07/03/2019;
MOAR3;;;;;;200;165,00;100;185,00;;;;S;;;;180,00;;;;;07/03/2019;
MEAL3;6,15;100;1,65;=;14:18:21;300;6,15;4300;6,16;95000;578617;441;S;;;08/03/2019;6,05;6,03;5,99;6,09;6,17;07/03/2019;
HOOT4;1,90;200;0,00;=;10:39:54;200;1,81;200;1,89;600;1120;3;S;;;08/03/2019;1,90;1,80;1,80;1,87;1,90;07/03/2019;
BKBR3;23,45;100;-0,49;=;14:18:57;1400;23,45;2600;23,47;427100;9912372;2842;S;;;08/03/2019;23,56;23,55;22,84;23,21;23,55;;
MSPA3;;;;;;600;50,00;100;55,00;;;;S;;;;48,14;;;;;01/03/2019;
MSPA4;;;;;;100;40,01;;;;;;S;;;;48,01;;;;;23/01/2019;
;;;;;;;;;;;;;;;;;;;;;;;
EUCA4;4,16;100;0,24;;13:52:28;3000;4,15;200;4,19;100;416;1;S;;;08/03/2019;4,15;4,16;4,16;4,16;4,16;07/03/2019;
DTEX3;11,29;100;0,80;=;14:17:07;2400;11,29;1000;11,30;129600;1457875;577;S;;;08/03/2019;11,20;11,11;11,11;11,25;11,32;07/03/2019;
EUCA3;;;;;;;;5400;9,50;;;;S;;;;8,20;;;;;19/02/2019;
KLBN4;3,11;100;1,30;=;14:07:08;2900;3,10;3500;3,11;20300;62730;95;S;;;08/03/2019;3,07;3,09;3,06;3,09;3,12;07/03/2019;
KLBN11;17,76;100;0,51;=;14:19:00;2000;17,75;1700;17,76;4414400;77783241;5443;S;;;08/03/2019;17,67;17,67;17,44;17,62;17,83;07/03/2019;
RANI3;2,77;100;-2,12;=;13:51:36;6400;2,76;900;2,78;23600;65285;14;S;;;08/03/2019;2,83;2,76;2,76;2,77;2,84;07/03/2019;
RANI4;;;;;;200;2,84;200;2,91;;;;S;;;;2,85;;;;;07/03/2019;
SUZB3;47,38;100;-2,57;=;14:19:06;1100;47,38;1700;47,42;3238500;153767585;8892;S;;;08/03/2019;48,63;48,40;47,02;47,48;48,45;07/03/2019;
KLBN3;5,35;200;1,90;=;14:16:53;600;5,30;100;5,35;2800;14775;19;S;;;08/03/2019;5,25;5,30;5,22;5,28;5,35;07/03/2019;
KEPL3;17,33;100;0,23;+;14:17:01;600;17,26;200;17,34;5200;89717;22;S;;;08/03/2019;17,29;17,27;17,21;17,25;17,33;07/03/2019;
NORD3;;;;;;100;1,36;600;3,99;;;;S;;;;1,60;;;;;15/02/2019;
FJTA3;4,35;500;7,67;-;14:16:17;300;4,50;500;4,30;140500;579883;268;K;4,35;500;08/03/2019;4,04;4,01;3,91;4,13;4,40;07/03/2019;
FJTA4;4,38;200;9,50;=;14:12:28;100;4,50;100;3,72;1227500;5036418;1260;K;4,35;51200;08/03/2019;4,00;3,99;3,91;4,10;4,38;07/03/2019;
INEP4;13,05;300;-1,95;+;13:58:14;200;12,95;400;13,05;5900;77195;26;S;;;08/03/2019;13,31;13,30;13,00;13,08;13,31;07/03/2019;
INEP3;12,90;100;3,28;=;12:45:09;300;12,53;100;13,00;700;9040;6;S;;;08/03/2019;12,49;12,95;12,80;12,91;12,95;07/03/2019;
LUPA3;1,91;100;1,60;-;14:02:38;7000;1,90;300;1,92;17400;33115;25;S;;;08/03/2019;1,88;1,88;1,87;1,90;1,93;07/03/2019;
BDLL4;;;;;;100;13,51;100;14,40;;;;S;;;;14,09;;;;;07/03/2019;
EALT4;5,12;100;-0,58;=;13:48:15;300;5,05;600;5,13;500;2563;4;S;;;08/03/2019;5,15;5,13;5,12;5,13;5,13;07/03/2019;
EALT3;;;;;;100;5,03;300;8,56;;;;S;;;;5,52;;;;;22/02/2019;
ROMI3;10,39;100;-0,48;+;14:16:43;600;10,36;1100;10,39;72000;751806;298;S;;;08/03/2019;10,44;10,44;10,31;10,44;10,56;07/03/2019;
SHUL4;7,28;500;0,41;=;13:56:28;700;7,26;1300;7,28;23700;171675;67;S;;;08/03/2019;7,25;7,25;7,18;7,24;7,28;07/03/2019;
MTSA4;17,75;900;-0,95;+;13:54:58;100;17,67;400;17,85;5700;101219;14;S;;;08/03/2019;17,92;17,88;17,60;17,76;17,88;07/03/2019;
WEGE3;18,80;100;1,51;-;14:19:06;2100;18,80;3500;18,81;1106100;20612633;5402;S;;;08/03/2019;18,52;18,55;18,45;18,64;18,84;07/03/2019;
BALM3;;;;;;;;;;;;;S;;;;11,00;;;;;27/02/2019;
BALM4;;;;;;1000;8,00;200;13,00;;;;S;;;;11,06;;;;;01/03/2019;
;;;;;;;;;;;;;;;;;;;;;;;
EMBR3;19,15;300;0,21;=;14:19:03;3500;19,15;3300;19,17;981900;18846954;3244;S;;;08/03/2019;19,11;19,11;19,06;19,19;19,32;07/03/2019;
MWET3;;;;;;100;3,60;100;25,00;;;;S;;;;6,34;;;;;22/01/2019;
MWET4;3,80;100;-7,32;=;12:48:25;200;3,80;300;3,99;2800;10642;8;S;;;08/03/2019;4,10;3,80;3,80;3,80;3,81;06/03/2019;
PLAS3;9,00;100;0,22;;11:35:25;800;8,75;500;8,99;600;5400;2;S;;;08/03/2019;8,98;9,00;9,00;9,00;9,00;06/03/2019;
RCSL4;1,63;100;0,62;+;13:36:36;100;1,61;5200;1,63;8700;14027;32;S;;;08/03/2019;1,62;1,62;1,57;1,61;1,64;07/03/2019;
RSUL4;;;;;;100;64,50;200;71,50;;;;S;;;;64,51;;;;;07/03/2019;
FRAS3;5,03;600;1,21;=;14:18:13;1200;5,03;300;5,05;16600;83471;59;S;;;08/03/2019;4,97;5,02;4,96;5,03;5,08;07/03/2019;
LEVE3;26,13;100;1,32;=;14:18:47;200;26,07;300;26,13;58800;1534253;284;S;;;08/03/2019;25,79;25,72;25,57;26,09;26,82;07/03/2019;
TUPY3;18,48;100;-0,16;=;14:18:11;1200;18,47;600;18,48;131500;2428404;1023;S;;;08/03/2019;18,51;18,56;18,40;18,47;18,64;07/03/2019;
POMO3;3,47;600;0,87;=;13:57:18;600;3,46;3000;3,47;6800;23531;27;S;;;08/03/2019;3,44;3,47;3,44;3,46;3,47;07/03/2019;
POMO4;4,07;100;0,49;=;14:18:48;45200;4,07;28800;4,08;1359600;5535880;1353;S;;;08/03/2019;4,05;4,05;4,01;4,07;4,10;07/03/2019;
RAPT3;7,46;100;0,13;-;14:10:23;1000;7,45;100;7,67;1500;11326;10;S;;;08/03/2019;7,45;7,43;7,43;7,55;7,67;07/03/2019;
MYPK3;21,81;100;-0,86;+;14:19:14;400;21,80;100;21,82;146100;3183520;1140;S;;;08/03/2019;22,00;21,95;21,60;21,79;21,95;07/03/2019;
RAPT4;9,86;100;3,03;=;14:19:13;2800;9,86;3800;9,87;1495500;14600614;4899;S;;;08/03/2019;9,57;9,60;9,56;9,76;9,90;07/03/2019;
SEDU3;22,05;500;-0,05;=;12:20:55;1500;22,06;100;22,09;41400;912843;11;S;;;08/03/2019;22,06;22,02;22,02;22,05;22,05;07/03/2019;
SLED3;2,09;100;4,50;=;13:48:43;100;2,02;100;2,09;600;1257;3;S;;;08/03/2019;2,00;2,10;2,09;2,10;2,10;07/03/2019;
SLED4;2,17;100;0,46;=;13:43:22;400;2,14;200;2,16;9500;20551;23;S;;;08/03/2019;2,16;2,11;2,11;2,16;2,20;07/03/2019;
CCXC3;3,35;200;0,00;;11:52:02;300;3,33;2400;3,35;200;670;1;S;;;08/03/2019;3,35;3,35;3,35;3,35;3,35;07/03/2019;
MMXM3;2,14;100;2,39;+;13:48:15;1000;2,13;2200;2,14;3500;7463;16;S;;;08/03/2019;2,09;2,09;2,09;2,13;2,15;07/03/2019;
VALE3;48,42;100;-0,90;-;14:19:15;1000;48,42;1900;48,43;15653200;754017426;28023;S;;;08/03/2019;48,86;48,26;47,65;48,17;48,75;07/03/2019;
TELB4;27,80;100;1,28;+;12:53:45;500;27,85;200;28,36;3400;93352;20;S;;;08/03/2019;27,45;27,15;27,10;27,46;27,80;07/03/2019;
TELB3;;;;;;100;29,60;100;35,00;;;;S;;;;37,00;;;;;06/02/2019;
DMMO3;0,82;100;-1,20;=;14:19:05;486800;0,82;159300;0,83;992700;819358;475;S;;;08/03/2019;0,83;0,82;0,82;0,82;0,84;07/03/2019;
;;;;;;;;;;;;;;;;;;;;;;;
OSXB3;4,20;100;-6,46;;13:16:13;100;4,25;100;4,49;100;420;1;S;;;08/03/2019;4,49;4,20;4,20;4,20;4,20;07/03/2019;
RPMG3;;;;;;1400;2,81;2000;2,89;;;;S;;;;2,80;;;;;07/03/2019;
QGEP3;14,57;100;-0,41;=;14:18:54;1900;14,56;900;14,57;783300;11281875;4065;S;;;08/03/2019;14,63;14,55;14,09;14,40;14,65;07/03/2019;
BRDT3;25,08;100;1,33;=;14:19:18;900;25,07;1200;25,08;2371100;59476478;7750;S;;;08/03/2019;24,75;24,50;24,41;25,08;25,45;07/03/2019;
PETR4;26,49;100;-1,05;=;14:19:19;5400;26,49;5800;26,50;32713700;864280886;27396;S;;;08/03/2019;26,77;26,49;26,22;26,42;26,67;07/03/2019;
PETR3;28,79;100;-1,47;+;14:19:18;3800;28,78;5500;28,79;5362100;154256288;7541;S;;;08/03/2019;29,22;28,85;28,54;28,77;28,97;07/03/2019;
PRIO3;17,60;100;-2,87;=;14:19:06;500;17,60;1300;17,61;745900;13207730;2336;S;;;08/03/2019;18,12;18,10;17,44;17,71;18,10;07/03/2019;
IRBR3;88,45;100;2,25;-;14:19:08;500;88,44;700;88,48;876400;76849962;5143;S;;;08/03/2019;86,50;86,49;85,14;87,69;88,89;07/03/2019;
CSAB4;;;;;;;;;;;;;S;;;;46,00;;;;;29/01/2019;
BBSE3;26,52;100;0,11;=;14:19:13;3200;26,52;4100;26,53;1158600;30737689;6225;S;;;08/03/2019;26,49;26,49;26,31;26,53;26,67;07/03/2019;
CSAB3;;;;;;;;;;;;;S;;;;48,50;;;;;08/02/2019;
WIZS3;8,79;100;0,46;+;14:19:14;1100;8,78;700;8,79;206800;1808708;788;S;;;08/03/2019;8,75;8,75;8,61;8,75;8,85;07/03/2019;
SULA4;;;;;;100;8,29;200;8,96;;;;S;;;;8,44;;;;;06/03/2019;
SULA11;29,62;100;-1,17;-;14:19:12;500;29,62;900;29,63;330800;9829949;1996;S;;;08/03/2019;29,97;29,97;29,45;29,72;30,03;07/03/2019;
PSSA3;54,28;100;-0,64;+;14:19:15;900;54,27;400;54,28;341100;18666359;2173;S;;;08/03/2019;54,63;54,86;53,96;54,72;55,69;07/03/2019;
PEAB3;;;;;;;;1000;42,00;;;;S;;;;41,00;;;;;06/03/2019;
SULA3;;;;;;100;12,01;100;13,45;;;;S;;;;13,50;;;;;06/03/2019;
PEAB4;;;;;;;;100;44,99;;;;S;;;;43,00;;;;;25/02/2019;
ADHM3;1,75;100;0,00;;11:08:12;100;1,67;900;1,75;100;175;1;S;;;08/03/2019;1,75;1,75;1,75;1,75;1,75;07/03/2019;
BOBR4;2,57;900;-1,15;=;14:17:49;10000;2,53;3100;2,59;46200;118360;53;S;;;08/03/2019;2,60;2,60;2,52;2,56;2,60;07/03/2019;
NATU3;48,38;100;3,64;=;14:19:13;1000;48,37;2300;48,40;831500;39618334;4698;S;;;08/03/2019;46,68;46,30;46,30;47,65;48,70;07/03/2019;
IDNT3;3,14;100;-1,57;=;14:10:11;100;3,14;1000;3,17;2600;8124;9;S;;;08/03/2019;3,19;3,10;3,10;3,12;3,18;07/03/2019;
LINX3;29,50;100;0,37;-;14:19:21;800;29,50;600;29,51;324000;9469803;2465;S;;;08/03/2019;29,39;29,05;28,65;29,23;29,67;07/03/2019;
TOTS3;36,64;100;-0,65;+;14:19:12;4100;36,63;2100;36,64;548900;20167342;2607;S;;;08/03/2019;36,88;36,99;36,13;36,74;37,18;07/03/2019;
SQIA3;29,68;300;1,68;+;14:12:45;100;29,50;400;29,68;9700;286121;50;S;;;08/03/2019;29,19;29,99;29,16;29,50;29,99;07/03/2019;
NUTR3;;;;;;300;35,00;500;59,00;;;;S;;;;33,00;;;;;05/02/2019;
FHER3;2,25;100;0,00;=;14:03:02;3500;2,25;1000;2,26;62400;140658;68;S;;;08/03/2019;2,25;2,24;2,23;2,25;2,28;07/03/2019;
CRPG3;;;;;;100;38,00;100;40,00;;;;S;;;;38,01;;;;;06/03/2019;
CRPG5;37,40;400;0,21;-;13:49:59;100;37,31;400;37,45;11300;420310;45;S;;;08/03/2019;37,32;37,06;37,06;37,20;37,64;07/03/2019;
CRPG6;37,64;100;-0,95;+;13:00:23;100;37,13;100;37,45;400;14975;4;S;;;08/03/2019;38,00;37,50;37,11;37,44;37,64;07/03/2019;
GPCP3;11,45;100;-0,35;;13:26:26;100;11,40;1100;11,49;100;1145;1;S;;;08/03/2019;11,49;11,45;11,45;11,45;11,45;07/03/2019;
ELEK4;;;;;;200;10,50;100;13,00;;;;S;;;;12,99;;;;;25/02/2019;
ELEK3;;;;;;200;11,00;1000;14,29;;;;S;;;;13,35;;;;;01/02/2019;
UNIP6;41,26;100;-1,06;-;14:17:57;500;41,26;100;41,37;48900;2016861;230;S;;;08/03/2019;41,70;41,69;40,80;41,24;41,69;07/03/2019;
UNIP3;41,10;100;-0,29;+;13:32:00;900;41,00;100;41,21;2300;93745;13;S;;;08/03/2019;41,22;40,99;40,40;40,76;41,10;07/03/2019;
UNIP5;41,00;100;0,00;;13:05:52;100;40,51;100;41,90;1300;53300;9;S;;;08/03/2019;41,00;41,00;41,00;41,00;41,00;07/03/2019;
BRKM6;;;;;;1000;25,00;100;60,00;;;;S;;;;50,40;;;;;29/01/2019;
BRKM3;53,50;1000;-0,02;;12:38:29;200;53,01;100;54,86;1100;58850;2;S;;;08/03/2019;53,51;53,50;53,50;53,50;53,50;07/03/2019;
BRKM5;54,77;100;0,50;=;14:19:23;500;54,75;800;54,77;595200;32493008;3822;S;;;08/03/2019;54,50;54,38;53,82;54,59;55,03;07/03/2019;
GBIO33;8,68;100;0,93;=;14:18:53;1100;8,68;100;8,69;52100;444571;297;S;;;08/03/2019;8,60;8,59;8,32;8,53;8,70;07/03/2019;
BIOM3;6,48;100;0,31;-;13:50:01;300;6,48;2000;6,56;30500;196638;97;S;;;08/03/2019;6,46;6,30;6,13;6,45;6,57;07/03/2019;
HAPV3;32,51;100;-0,31;=;14:18:55;1900;32,50;800;32,53;156100;5077004;1195;S;;;08/03/2019;32,61;32,47;32,45;32,52;32,83;07/03/2019;
QUAL3;15,49;100;3,96;-;14:19:10;900;15,49;1400;15,50;808800;12389112;4461;S;;;08/03/2019;14,90;14,86;14,79;15,32;15,73;07/03/2019;
FLRY3;19,75;100;2,01;+;14:19:23;500;19,74;1200;19,75;1708300;33483835;8795;S;;;08/03/2019;19,36;19,46;19,26;19,60;19,90;07/03/2019;
PARD3;20,12;100;3,18;=;14:19:24;300;20,12;1200;20,13;478600;9362631;551;S;;;08/03/2019;19,50;19,35;19,20;19,56;20,16;07/03/2019;
OFSA3;;;;;;100;32,06;100;32,31;;;;S;;;;32,40;;;;;07/03/2019;
ODPV3;16,05;200000;0,94;=;14:18:01;900;16,05;2200;16,06;531400;8528690;1943;S;;;08/03/2019;15,90;15,93;15,81;16,05;16,14;07/03/2019;
DASA3;28,51;100;-0,63;;12:08:41;100;28,51;100;29,50;100;2851;1;S;;;08/03/2019;28,69;28,51;28,51;28,51;28,51;07/03/2019;
GNDI3;33,34;100;-2,63;=;14:19:16;1000;33,34;2600;33,35;484900;16161620;3293;S;;;08/03/2019;34,24;34,26;32,85;33,33;34,26;07/03/2019;
AALR3;15,43;100;1,65;+;14:17:35;400;15,41;300;15,43;36100;553437;231;S;;;08/03/2019;15,18;15,14;15,06;15,33;15,52;07/03/2019;
DTCY3;;;;;;100;2,16;100;2,45;;;;S;;;;2,45;;;;;07/03/2019;
LIQO3;1,18;600;0,00;=;14:18:22;31100;1,18;12700;1,20;2995600;3549757;1061;S;;;08/03/2019;1,18;1,22;1,12;1,18;1,26;07/03/2019;
CARD3;7,14;100;-0,14;=;14:19:23;2200;7,13;600;7,15;48600;348213;260;S;;;08/03/2019;7,15;7,25;7,11;7,16;7,25;07/03/2019;
VLID3;19,75;100;4,77;-;14:19:19;400;19,74;100;19,76;376600;7336688;2449;S;;;08/03/2019;18,85;18,76;18,67;19,48;19,80;07/03/2019;
CIEL3;10,70;100;0,28;=;14:19:19;6600;10,70;11400;10,71;4882900;51942018;10979;S;;;08/03/2019;10,67;10,65;10,51;10,64;10,76;07/03/2019;
B3SA3;31,30;100;0,68;=;14:19:25;1100;31,30;2000;31,31;4862600;152259369;16098;S;;;08/03/2019;31,09;31,05;30,79;31,31;31,73;07/03/2019;
TKNO4;;;;;;;;100;48,00;;;;S;;;;35,18;;;;;16/01/2019;
PMAM3;1,48;500;0,00;=;14:19:25;174700;1,48;248600;1,49;1665100;2477085;1215;S;;;08/03/2019;1,48;1,47;1,47;1,49;1,50;07/03/2019;
MGEL4;;;;;;100;6,40;600;7,10;;;;S;;;;7,01;;;;;01/03/2019;
;;;;;;;;;;;;;;;;;;;;;;;
CSNA3;13,89;3000;-5,77;+;14:19:26;15900;13,88;4800;13,89;13522600;190439607;19100;S;;;08/03/2019;14,74;14,54;13,85;14,08;14,60;07/03/2019;
PATI3;;;;;;2000;20,00;100;22,50;;;;S;;;;21,51;;;;;01/03/2019;
FESA4;23,72;100;-11,66;+;14:18:38;100;23,70;100;23,72;730300;17290285;2448;S;;;08/03/2019;26,85;23,50;22,69;23,68;24,24;07/03/2019;
FESA3;;;;;;100;25,50;300;33,99;;;;S;;;;30,30;;;;;06/03/2019;
GOAU4;6,96;200;-0,57;+;14:19:20;21200;6,95;24700;6,96;4331900;30035464;4414;S;;;08/03/2019;7,00;6,98;6,88;6,93;6,99;07/03/2019;
GOAU3;7,24;200;-0,82;+;13:40:33;500;7,21;500;7,27;24600;177474;34;S;;;08/03/2019;7,30;7,30;7,12;7,21;7,30;07/03/2019;
PATI4;;;;;;100;25,50;200;33,89;;;;S;;;;33,50;;;;;21/02/2019;
GGBR3;11,97;100;-1,40;-;14:02:48;800;11,97;500;12,02;34200;410341;82;S;;;08/03/2019;12,14;12,10;11,96;12,00;12,10;07/03/2019;
GGBR4;14,56;100;-1,15;=;14:19:30;13200;14,55;14800;14,56;5721900;82948397;8896;S;;;08/03/2019;14,73;14,67;14,40;14,50;14,67;07/03/2019;
USIM5;9,57;200;-0,62;=;14:19:11;5300;9,57;15700;9,58;3765000;35884846;4378;S;;;08/03/2019;9,63;9,58;9,47;9,53;9,60;07/03/2019;
USIM6;;;;;;20000;8,00;;;;;;S;;;;11,00;;;;;26/02/2019;
USIM3;10,93;300;-0,91;-;13:29:14;300;10,91;400;10,97;2000;21882;12;S;;;08/03/2019;11,03;10,97;10,90;10,94;10,98;07/03/2019;
MNDL3;29,92;100;3,17;+;13:51:24;100;29,02;100;29,70;1600;46891;12;S;;;08/03/2019;29,00;29,00;29,00;29,31;29,99;07/03/2019;
CTKA3;;;;;;100;2,50;100;7,00;;;;S;;;;5,00;;;;;11/01/2019;
CTKA4;3,80;2000;0,53;+;14:11:49;500;3,68;1100;3,80;3600;13587;6;S;;;08/03/2019;3,78;3,89;3,68;3,77;3,89;07/03/2019;
TXRX4;;;;;;500;2,59;500;2,65;;;;S;;;;2,67;;;;;07/03/2019;
TEKA3;;;;;;1000;3,00;200;9,93;;;;S;;;;9,88;;;;;27/02/2019;
TEKA4;;;;;;100;8,22;300;8,69;;;;S;;;;8,69;;;;;07/03/2019;
CEDO4;;;;;;1000;6,00;200;6,05;;;;S;;;;6,05;;;;;07/03/2019;
CEDO3;;;;;;100;6,00;200;9,00;;;;S;;;;6,08;;;;;01/03/2019;
CAMB4;33,90;100;0,89;;10:11:59;100;21,50;900;33,70;100;3390;1;S;;;08/03/2019;33,60;33,90;33,90;33,90;33,90;07/03/2019;
ECPR3;;;;;;300;23,64;100;80,00;;;;S;;;;79,99;;;;;23/01/2019;
CTNM4;10,00;100;0,00;;13:23:02;1600;10,00;100;10,15;100;1000;1;S;;;08/03/2019;10,00;10,00;10,00;10,00;10,00;07/03/2019;
CTNM3;;;;;;100;10,02;100;11,19;;;;S;;;;10,44;;;;;06/03/2019;
CTSA3;;;;;;600;5,02;100;5,09;;;;S;;;;5,08;;;;;07/03/2019;
DOHL4;;;;;;500;6,51;500;6,90;;;;S;;;;6,70;;;;;06/03/2019;
DOHL3;;;;;;;;;;;;;S;;;;8,00;;;;;14/02/2019;
CTSA4;6,15;1000;-1,91;;10:03:47;100;5,87;100;6,26;1000;6150;1;S;;;08/03/2019;6,27;6,15;6,15;6,15;6,15;07/03/2019;
PTNT4;;;;;;200;3,00;200;3,08;;;;S;;;;3,08;;;;;06/03/2019;
VULC3;8,04;100;-1,35;=;14:19:24;700;8,03;700;8,04;322900;2585144;887;S;;;08/03/2019;8,15;8,07;7,93;8,01;8,12;07/03/2019;
GRND3;8,41;100;-0,71;-;14:19:33;3200;8,41;1600;8,42;263900;2210170;1388;S;;;08/03/2019;8,47;8,46;8,28;8,38;8,46;07/03/2019;
HGTX3;31,54;100;2,87;+;14:19:33;200;31,51;800;31,55;620600;19380385;2791;S;;;08/03/2019;30,66;30,66;30,18;31,23;31,65;07/03/2019;
PTNT3;;;;;;100;6,50;100;10,00;;;;S;;;;6,99;;;;;23/01/2019;
ALPA3;19,30;100;-1,53;-;12:46:13;300;19,34;100;20,64;1300;25393;4;S;;;08/03/2019;19,60;19,03;19,03;19,53;19,60;07/03/2019;
ALPA4;19,75;100;1,70;-;14:18:37;500;19,75;800;19,76;99900;1964306;740;S;;;08/03/2019;19,42;19,22;19,21;19,66;19,87;07/03/2019;
SGPS3;8,40;200;-1,06;+;14:18:06;300;8,32;200;8,43;14100;117833;73;S;;;08/03/2019;8,49;8,24;8,22;8,36;8,46;07/03/2019;
TECN3;2,28;15400;-0,87;+;14:12:08;1100;2,27;7700;2,29;29900;68066;32;S;;;08/03/2019;2,30;2,30;2,26;2,28;2,30;07/03/2019;
OIBR4;1,74;100;-0,57;=;14:19:19;44800;1,73;169600;1,74;2184300;3731438;1092;S;;;08/03/2019;1,75;1,74;1,67;1,71;1,74;07/03/2019;
OIBR3;1,76;1400;0,57;=;14:19:30;228300;1,75;1249900;1,76;19977000;34335011;4874;S;;;08/03/2019;1,75;1,75;1,65;1,72;1,77;07/03/2019;
VIVT3;42,80;200;0,52;-;13:57:19;500;42,71;200;42,88;2500;106937;24;S;;;08/03/2019;42,58;42,38;42,38;42,78;42,93;07/03/2019;
VIVT4;46,71;100;1,99;+;14:19:22;1100;46,70;2800;46,71;938600;43584233;5255;S;;;08/03/2019;45,80;45,80;45,53;46,44;46,94;07/03/2019;
JPSA3;25,10;100;-0,40;+;14:15:24;100;25,02;1000;25,05;42800;1068791;146;S;;;08/03/2019;25,20;25,15;24,81;24,97;25,15;07/03/2019;
ATOM3;2,37;2500;0,85;=;13:30:43;8000;2,37;4100;2,38;7800;18412;9;S;;;08/03/2019;2,35;2,35;2,35;2,36;2,37;07/03/2019;
TIMP3;11,64;100;2,02;=;14:19:25;10300;11,63;8600;11,64;1130400;13079292;3046;S;;;08/03/2019;11,41;11,40;11,35;11,57;11,65;07/03/2019;
LOGN3;8,29;500;-0,96;+;14:17:29;1400;8,27;1100;8,29;266900;2180522;532;S;;;08/03/2019;8,37;8,31;8,00;8,17;8,34;07/03/2019;
GOLL4;26,79;100;0,60;-;14:19:21;400;26,79;1100;26,82;1595300;42153620;4312;S;;;08/03/2019;26,63;26,50;25,70;26,42;27,08;07/03/2019;
TPIS3;1,87;100;2,19;=;14:17:51;5900;1,86;11100;1,87;94900;174317;152;S;;;08/03/2019;1,83;1,84;1,80;1,84;1,87;07/03/2019;
LUXM4;;;;;;200;16,10;200;20,89;;;;S;;;;19,90;;;;;06/03/2019;
TGMA3;27,36;100;0,96;+;14:19:30;100;27,35;100;27,36;57700;1555955;468;S;;;08/03/2019;27,10;27,11;26,60;26,97;27,39;07/03/2019;
ECOR3;10,25;100;2,71;=;14:19:25;6100;10,25;500;10,26;2367500;23928002;6707;S;;;08/03/2019;9,98;9,90;9,84;10,11;10,32;07/03/2019;
CCRO3;12,90;100;1,57;+;14:19:32;22900;12,89;4200;12,90;6303200;80469939;19928;S;;;08/03/2019;12,70;12,50;12,46;12,77;12,98;07/03/2019;
WSON33;40,64;500;-1,50;-;13:42:24;100;40,68;100;40,89;47000;1922914;71;S;;;08/03/2019;41,26;41,15;40,50;40,91;41,90;07/03/2019;
AZUL4;36,31;100;-0,25;-;14:19:33;100;36,30;100;36,31;1402200;50553009;3318;S;;;08/03/2019;36,40;36,30;35,75;36,05;36,53;07/03/2019;
JSLG3;9,54;100;2,03;=;14:18:30;600;9,53;600;9,56;104700;993196;307;S;;;08/03/2019;9,35;9,27;9,25;9,49;9,62;07/03/2019;
RLOG3;15,00;100;-0,20;+;14:18:09;600;14,98;200;15,00;44700;664743;304;S;;;08/03/2019;15,03;15,02;14,75;14,87;15,05;07/03/2019;
RAIL3;19,46;400;0,15;=;14:19:35;1200;19,46;3200;19,47;3095700;59813401;11913;S;;;08/03/2019;19,43;19,25;19,08;19,32;19,54;07/03/2019;
STBP3;3,54;100;-0,56;=;14:19:33;19500;3,54;1600;3,55;1101000;3886656;1031;S;;;08/03/2019;3,56;3,57;3,51;3,53;3,58;07/03/2019;
UCAS3;2,74;100;-1,08;-;14:04:33;900;2,74;700;2,75;37100;101262;43;S;;;08/03/2019;2,77;2,75;2,71;2,73;2,75;07/03/2019;
SPRI3;;;;;;100;6,51;100;8,50;;;;S;;;;8,20;;;;;07/03/2019;
SPRI5;;;;;;300;3,00;200;6,00;;;;S;;;;4,21;;;;;11/02/2019;
HETA4;;;;;;100;5,60;300;6,69;;;;S;;;;6,69;;;;;07/03/2019;
IGBR3;2,40;900;0,84;=;14:17:17;100;2,34;1400;2,40;52900;129681;70;S;;;08/03/2019;2,38;2,36;2,33;2,45;2,54;07/03/2019;
NAFG4;;;;;;100;47,00;200;72,00;;;;S;;;;55,00;;;;;06/03/2019;
NAFG3;;;;;;100;30,01;;;;;;S;;;;49,45;;;;;;
WHRL3;;;;;;500;4,11;100;4,64;;;;S;;;;4,22;;;;;07/03/2019;
WHRL4;4,33;500;1,64;;13:47:46;100;4,24;600;4,33;500;2165;1;S;;;08/03/2019;4,26;4,33;4,33;4,33;4,33;07/03/2019;
TOYB3;;;;;;200;1,95;100;2,04;;;;S;;;;1,95;;;;;07/03/2019;
TOYB4;1,93;100;2,12;=;14:16:58;1100;1,71;200;1,93;42400;81249;83;S;;;08/03/2019;1,89;1,85;1,85;1,92;1,97;07/03/2019;
ESTR4;;;;;;600;12,50;200;13,00;;;;S;;;;12,50;;;;;06/03/2019;
CVCB3;56,37;100;-0,41;=;14:19:12;300;56,36;200;56,37;494900;27949813;2518;S;;;08/03/2019;56,60;56,54;56,08;56,48;56,86;07/03/2019;
SHOW3;7,00;100;0,00;+;14:19:24;1100;6,99;700;7,00;38500;268338;184;S;;;08/03/2019;7,00;7,06;6,90;6,97;7,06;07/03/2019;
BMKS3;286,03;13;0,05;;10:05:00;1;286,05;13;304,99;15;4290,45;2;S;;;08/03/2019;285,90;286,03;286,03;286,03;286,03;06/03/2019;
